Vasya,v@m.ru,fatherHome
Sasha,sasha@mail.ru
Aleshka,Aleshka@mail.ru,Univercity
Sasha,ola@mail.ru
Vasya,leha@mail.ru
Petr,dfd@dfdf
Evgeniy,e@yyy
Oleg,dd@yyy
Sasha,h@tt
Puzo,puzo@mail.ru
Pavel,pavel@mail.ru,My Place
Valya,val@mail.ru,ValinHome
Oleg,oleg@mail.ru,OldHouse
Olga,olga@mail.ru,Location1
